{"loss_test": 2.2834653854370117, "_runtime": 99, "_timestamp": 1642947843, "_step": 3, "acc_test": 0.0, "loss_train": 1.7923071384429932, "acc_train": 58.19556427001953}