{"Characteristics": [41358.0, 258.0, 5081.205863490609, 5856.603090684291], "MajorSubsystemVersion": [9214.0, 1.0, 6.187173614292258, 88.16423038593514], "MajorLinkerVersion": [242.0, 0.0, 8.99092991296381, 7.921585773763977], "ImportsNbDLL": [96.0, 0.0, 7.920568025652772, 9.988412438327638], "SizeOfInitializedData": [2986377216.0, 0.0, 763509.6703618873, 35702914.47637057], "AddressOfEntryPoint": [16273424.0, 0.0, 97143.56518552451, 372054.7500890731], "DllCharacteristics": [34144.0, 0.0, 9934.87017865323, 13508.137017237963], "ImageBase": [6884826218496.0, 0.0, 1838248612.5999084, 65931100265.05087], "BaseOfData": [964538368.0, 0.0, 199442.41245991754, 9237453.226794945], "SectionsMaxEntropy": [8.0, 0.0, 6.84861112503474, 0.9374426646051796], "ImportsNb": [1259.0, 0.0, 141.26147503435638, 176.01281245278716], "SizeOfImage": [965615616.0, 20480.0, 569424.5695831424, 9509747.105874361], "ResourcesMinSize": [287744.0, 0.0, 945.2865781035273, 10585.83798809376], "CheckSum": [4294967295.0, 0.0, 26087581.062482823, 318651576.0305963], "MinorLinkerVersion": [255.0, 0.0, 13.479981676591846, 21.721651891463697], "ResourcesNb": [594.0, 0.0, 13.414017407237747, 26.071461356154096]}