{"Characteristics": [41358.0, 258.0, 5081.205863490609, 5856.603090684291], "Machine": [34404.0, 332.0, 6259.872469079249, 12917.046298122747], "DllCharacteristics": [34144.0, 0.0, 9934.87017865323, 13508.137017237963], "MajorSubsystemVersion": [9214.0, 1.0, 6.187173614292258, 88.16423038593514], "MinorLinkerVersion": [255.0, 0.0, 13.479981676591846, 21.721651891463697], "MajorOperatingSystemVersion": [20.0, 0.0, 5.702977553825011, 2.314375983877712], "SizeOfOptionalHeader": [416.0, 224.0, 226.82033898305085, 6.476714926724246], "ImageBase": [6884826218496.0, 0.0, 1838248612.5999084, 65931100265.05087], "FileAlignment": [4096.0, 512.0, 982.3926706367384, 1203.0438176007574], "ImportsNbDLL": [96.0, 0.0, 7.920568025652772, 9.988412438327638], "MajorLinkerVersion": [242.0, 0.0, 8.99092991296381, 7.921585773763977], "SizeOfStackReserve": [10485760.0, 0.0, 878144.9205680257, 404702.6892896981], "SectionsMaxEntropy": [8.0, 0.0, 6.84861112503474, 0.9374426646051796]}