{"Machine": [34404.0, 332.0, 6259.872469079249, 12917.046298122747], "SizeOfOptionalHeader": [416.0, 224.0, 226.82033898305085, 6.476714926724246], "Characteristics": [41358.0, 258.0, 5081.205863490609, 5856.603090684291], "MajorLinkerVersion": [242.0, 0.0, 8.99092991296381, 7.921585773763977], "MinorLinkerVersion": [255.0, 0.0, 13.479981676591846, 21.721651891463697], "SizeOfCode": [1766614113.0, 0.0, 459151.59780119103, 21212051.78117364], "SizeOfInitializedData": [2986377216.0, 0.0, 763509.6703618873, 35702914.47637057], "SizeOfUninitializedData": [4294919457.0, 0.0, 675822.2794319744, 49489195.45762433], "AddressOfEntryPoint": [16273424.0, 0.0, 97143.56518552451, 372054.7500890731], "BaseOfCode": [16130048.0, 0.0, 27240.843609711406, 315239.69435103156], "BaseOfData": [964538368.0, 0.0, 199442.41245991754, 9237453.226794945], "ImageBase": [6884826218496.0, 0.0, 1838248612.5999084, 65931100265.05087], "SectionAlignment": [131072.0, 512.0, 4341.093907466789, 4873.982793813988], "FileAlignment": [4096.0, 512.0, 982.3926706367384, 1203.0438176007574], "MajorOperatingSystemVersion": [20.0, 0.0, 5.702977553825011, 2.314375983877712], "MinorOperatingSystemVersion": [30.0, 0.0, 0.2808978469995419, 1.1169790602787877], "MajorImageVersion": [63325.0, 0.0, 36.08712780577187, 1106.0595073854397], "MinorImageVersion": [43666.0, 0.0, 27.38076042143839, 841.6028150452407], "MajorSubsystemVersion": [9214.0, 1.0, 6.187173614292258, 88.16423038593514], "MinorSubsystemVersion": [65024.0, 0.0, 6.076500229042602, 622.3940392012095], "SizeOfImage": [965615616.0, 20480.0, 569424.5695831424, 9509747.105874361], "SizeOfHeaders": [639488.0, 512.0, 2108.370499312872, 9938.43779131693], "CheckSum": [4294967295.0, 0.0, 26087581.062482823, 318651576.0305963], "Subsystem": [16.0, 1.0, 2.148419606046725, 0.4010660430425782], "DllCharacteristics": [34144.0, 0.0, 9934.87017865323, 13508.137017237963], "SizeOfStackReserve": [10485760.0, 0.0, 878144.9205680257, 404702.6892896981], "SizeOfStackCommit": [8000000.0, 0.0, 4939.6390288593675, 76588.1384271643], "SizeOfHeapReserve": [4261422078.0, 4096.0, 1437296.1859825929, 40779746.2757055], "SizeOfHeapCommit": [65536.0, 0.0, 4156.159413650939, 1603.5353509180218], "LoaderFlags": [2126523303.0, 0.0, 421763.8802565277, 28019471.03226313], "NumberOfRvaAndSizes": [2031095711.0, 3.0, 437637.0842876775, 27877977.97250551], "SectionsNb": [33.0, 0.0, 5.634264773247824, 2.3460083687306086], "SectionsMeanEntropy": [7.825890254784819, 0.0, 4.20282270298579, 0.9680497423416979], "SectionsMinEntropy": [7.6954600360878365, 0.0, 1.2676321366237433, 1.5884747696075119], "SectionsMaxEntropy": [8.0, 0.0, 6.84861112503474, 0.9374426646051796], "SectionsMeanRawsize": [7897395.2, 0.0, 55581.97859949538, 97554.34076849556], "SectionsMinRawsize": [81408.0, 0.0, 2011.8724690792487, 4297.153289929082], "SectionMaxRawsize": [39406592.0, 0.0, 193903.13376087951, 464267.5217316539], "SectionsMeanVirtualsize": [193122304.0, 0.0, 116733.7206639542, 1943780.7422320426], "SectionsMinVirtualsize": [753664.0, 0.0, 2667.562162162162, 12484.079234497134], "SectionMaxVirtualsize": [963641344.0, 0.0, 460169.7992670637, 9489048.25466889], "ImportsNbDLL": [96.0, 0.0, 7.920568025652772, 9.988412438327638], "ImportsNb": [1259.0, 0.0, 141.26147503435638, 176.01281245278716], "ImportsNbOrdinal": [428.0, 0.0, 1.7276225377920293, 12.77474753645642], "ExportNb": [2662.0, 0.0, 10.703985341273476, 98.14115044715], "ResourcesNb": [594.0, 0.0, 13.414017407237747, 26.071461356154096], "ResourcesMeanEntropy": [0.5064326771012643, 0.0, 0.11363918863423483, 0.085554281510761], "ResourcesMinEntropy": [0.4900959805201921, 0.0, 0.01709994355909841, 0.030512469118972298], "ResourcesMaxEntropy": [0.5307376454031174, 0.0, 0.2461804050594996, 0.1850048339937158], "ResourcesMeanSize": [1073725832.0, 0.0, 10653533.346351944, 103640943.67507847], "ResourcesMinSize": [287744.0, 0.0, 945.2865781035273, 10585.83798809376], "ResourcesMaxSize": [4294902708.0, 0.0, 45279919.74576271, 438538207.30396897], "LoadConfigurationSize": [2198618507.0, 0.0, 2820840.685020614, 70040304.53762709], "VersionInformationSize": [0.0, 0.0, 0.0, 0.0], "legitimate": [3.0, 1.0, 2.138250114521301, 0.7280085081011306]}