{"Characteristics": [41358.0, 258.0, 5081.205863490609, 5856.603090684291], "ImageBase": [6884826218496.0, 0.0, 1838248612.5999084, 65931100265.05087], "MajorLinkerVersion": [242.0, 0.0, 8.99092991296381, 7.921585773763977], "MajorSubsystemVersion": [9214.0, 1.0, 6.187173614292258, 88.16423038593514], "DllCharacteristics": [34144.0, 0.0, 9934.87017865323, 13508.137017237963], "MinorLinkerVersion": [255.0, 0.0, 13.479981676591846, 21.721651891463697], "ExportNb": [2662.0, 0.0, 10.703985341273476, 98.14115044715], "SizeOfOptionalHeader": [416.0, 224.0, 226.82033898305085, 6.476714926724246], "Machine": [34404.0, 332.0, 6259.872469079249, 12917.046298122747], "ImportsNbDLL": [96.0, 0.0, 7.920568025652772, 9.988412438327638], "SizeOfStackReserve": [10485760.0, 0.0, 878144.9205680257, 404702.6892896981], "BaseOfData": [964538368.0, 0.0, 199442.41245991754, 9237453.226794945], "MajorImageVersion": [63325.0, 0.0, 36.08712780577187, 1106.0595073854397], "AddressOfEntryPoint": [16273424.0, 0.0, 97143.56518552451, 372054.7500890731]}